id,FirstName,LastName,StreetAddress,City,State,PostalCode,PhoneNumber
1,Emlyn,Leppington,025 Tennyson Crossing,Canton,OH,44710,330-915-2251
2,Lucille,Godspede,999 Shelley Circle,Lexington,KY,40505,859-141-9038
3,Harris,Jurs,6578 Jana Point,Stamford,CT,06912,203-273-5186
4,Ezri,Wolton,72424 Magdeline Crossing,San Bernardino,CA,92405,909-846-7433
5,Mame,Airton,815 Katie Court,Charlotte,NC,28247,704-746-3872
6,Mikey,Gabbitis,0 Mendota Alley,Dallas,TX,75387,214-803-3062
7,Val,Wallbridge,80 Ohio Trail,Indianapolis,IN,46295,317-395-7737
8,Thornie,Camoys,06 Ridgeway Way,Las Vegas,NV,89110,702-770-6947
9,Evangeline,Simoes,6 Loomis Lane,Charleston,SC,29411,843-938-9987
10,Zorana,Gladhill,26 Schmedeman Drive,Midland,TX,79710,432-248-8504
11,Anabella,Beggan,18 1st Circle,Minneapolis,MN,55436,612-337-9157
12,Devan,Bemwell,628 Jackson Alley,Miami,FL,33164,786-173-5348
13,Tomasine,Gheerhaert,1637 Fuller Alley,Youngstown,OH,44511,330-922-6710
14,Carver,Cote,260 Roth Court,Buffalo,NY,14215,716-221-4785
15,Shea,Bertholin,28712 Westend Crossing,Milwaukee,WI,53205,414-158-7188
16,Kerrill,Aldcorn,688 Northwestern Alley,New York City,NY,10170,212-817-7276
17,Aileen,O'Kynsillaghe,447 Jackson Pass,Manchester,NH,03105,603-313-8950
18,Luce,Dummer,60008 Sommers Pass,Corpus Christi,TX,78410,361-662-8051
19,Juieta,Lenihan,808 Kipling Center,Hartford,CT,06145,860-607-3694
20,Chanda,Harriskine,678 Arapahoe Junction,Norwalk,CT,06859,203-155-1182
21,Del,Mar,53 Helena Court,Elizabeth,NJ,07208,908-597-3150
22,Florri,Lanchester,98 Springview Plaza,Chicago,IL,60624,312-456-9570
23,Lynett,Mishow,25 Hanover Hill,Austin,TX,78703,512-726-3657
24,Beck,Edes,229 Quincy Crossing,Syracuse,NY,13205,315-866-0405
25,Claretta,Ackenson,62576 Eggendart Center,Memphis,TN,38114,901-144-7120
26,Mahmud,Wink,4 Armistice Lane,Washington,DC,20244,202-778-9520
27,Irving,O' Meara,9 Daystar Circle,Littleton,CO,80127,303-782-9812
28,Mikaela,Reeders,7621 Sauthoff Terrace,Richmond,VA,23203,804-389-5890
29,Emiline,Adriaan,6 Farragut Place,Evansville,IN,47712,812-571-3928
30,Melessa,Bottomore,11165 Hoepker Terrace,Peoria,IL,61605,309-551-3435
31,Domenico,Shilston,11247 Namekagon Center,Washington,DC,20503,202-725-3367
32,Duky,Linacre,57935 Melvin Avenue,Corpus Christi,TX,78475,361-595-5480
33,Vivie,Beckham,9244 Shasta Drive,Houston,TX,77201,832-849-1263
34,Tildi,Stickney,413 Dryden Way,Fort Wayne,IN,46867,260-489-1043
35,Natty,Elbourn,700 Drewry Junction,Lansing,MI,48956,517-229-4697
36,Omar,McSweeney,8094 Anhalt Court,Seattle,WA,98148,206-423-7050
37,Byron,Attack,6791 Charing Cross Hill,Kansas City,MO,64190,816-931-9859
38,Shae,Fisby,2497 Crownhardt Road,Saint Petersburg,FL,33731,727-644-9472
39,Lynett,Espasa,65 Scoville Drive,El Paso,TX,79934,915-687-8339
40,Brit,Cisec,75100 Division Parkway,Huntsville,AL,35895,256-937-5978
41,Laurice,Moulds,6492 Fulton Trail,Chicago,IL,60609,312-475-3772
42,Hailee,Blundin,20579 Grayhawk Circle,Pensacola,FL,32590,850-381-0579
43,Danni,Biagini,43982 Lakewood Gardens Center,Little Rock,AR,72209,501-690-0490
44,Christoforo,McGraffin,35205 Bowman Plaza,Philadelphia,PA,19184,215-560-1759
45,Ame,Oakeshott,44 Pine View Court,San Antonio,TX,78265,210-617-0967
46,Edgar,MacAne,9402 Moland Street,Huntington,WV,25716,304-231-0217
47,Bonny,Vaulkhard,0 Graedel Hill,Killeen,TX,76544,254-786-5905
48,Shaun,Echallier,6 Goodland Lane,Temple,TX,76505,254-835-3767
49,Tully,Getten,7399 Hudson Lane,North Little Rock,AR,72199,501-304-8186
50,Clive,Diddams,78 Basil Street,Denver,CO,80243,303-782-7440
51,Wilfrid,Standish,4 Morning Circle,Newton,MA,02458,617-617-4192
52,Charles,Shoppee,467 Chinook Junction,Buffalo,NY,14215,716-492-5332
53,Hastie,McTerrelly,00081 Red Cloud Place,Toledo,OH,43666,419-715-2681
54,Hester,Fullerd,351 Melvin Place,Springfield,MO,65805,417-115-5804
55,Nada,Knaggs,71 Walton Point,Philadelphia,PA,19191,215-660-1311
56,Barnabe,Osmint,2562 Towne Lane,Columbus,OH,43220,614-249-5182
57,Gloria,Woodwind,4349 Vidon Circle,Dayton,OH,45414,937-575-7519
58,Lewes,Varsey,0585 Nobel Court,Los Angeles,CA,90010,323-300-7843
59,Donnell,Kynastone,97 Holmberg Circle,New Brunswick,NJ,08922,732-658-7508
60,Reggy,Partkya,769 Everett Crossing,Jamaica,NY,11470,718-327-2313
61,Rory,Trengrove,0 Florence Court,Eugene,OR,97405,541-613-0246
62,Papageno,Windham,3971 Claremont Court,Miami,FL,33283,305-903-5990
63,Aylmar,Prantoni,65418 Arrowood Drive,Saint Paul,MN,55166,651-492-6729
64,Phyllys,Rubinow,4653 Old Gate Hill,Los Angeles,CA,90081,213-245-1548
65,Kerr,Schubart,186 Glacier Hill Plaza,Denton,TX,76210,817-435-0577
66,Oralee,Shelbourne,339 John Wall Terrace,Springfield,MA,01152,413-245-3637
67,Ame,Cowley,8 Utah Alley,Orlando,FL,32830,407-868-9051
68,Celene,Le Provest,47840 Bellgrove Lane,Miami,FL,33169,305-116-0351
69,Charity,Meran,82 Oxford Plaza,Dallas,TX,75221,972-239-0363
70,Marta,Couling,81 Holmberg Lane,Pittsburgh,PA,15220,412-434-9467
71,Leshia,Godart,9 Golf Junction,Philadelphia,PA,19160,215-767-4457
72,Kerk,Paraman,74 Shasta Pass,Wichita,KS,67236,316-942-3129
73,Dotty,Dutton,5627 Pennsylvania Road,Pittsburgh,PA,15215,412-417-3463
74,Cthrine,Cave,9 Stephen Crossing,Jackson,MS,39236,601-794-2330
75,Brion,Carlan,01277 Derek Road,Stockton,CA,95205,209-329-5236
76,Ferdinande,Stickel,000 Barnett Drive,Saint Louis,MO,63158,314-404-3796
77,Shayne,Opdenort,90 Fair Oaks Crossing,Tucson,AZ,85754,520-401-3868
78,Antonio,MacMearty,33 Oakridge Place,Springfield,IL,62776,217-358-7519
79,Callida,Mungan,8 Donald Trail,Bethlehem,PA,18018,610-956-3322
80,Romy,Kane,55641 Grasskamp Terrace,Sacramento,CA,94257,916-789-2686
81,Alex,Halleday,11149 Jay Point,Dayton,OH,45454,937-969-5859
82,Latrena,Ovise,748 Carioca Circle,San Antonio,TX,78296,210-816-7609
83,Reinaldos,Menary,310 Sage Avenue,Milwaukee,WI,53225,414-455-6104
84,Modestine,Skaife d'Ingerthorpe,334 Summer Ridge Hill,Tucson,AZ,85743,520-539-1488
85,Melamie,Newcom,81 Carioca Court,North Hollywood,CA,91606,818-323-1787
86,Dalt,Mains,496 Sullivan Trail,Miami,FL,33190,786-457-6992
87,Katrine,Endley,90 Schlimgen Crossing,Irvine,CA,92710,714-589-2512
88,Lynnette,Scadden,97 Linden Avenue,Reston,VA,22096,571-451-0331
89,Link,Winfred,73 Hoepker Way,Phoenix,AZ,85040,602-129-1176
90,Nadia,Kidde,2 Waxwing Trail,Shawnee Mission,KS,66276,913-682-6319
91,Alexis,Kees,2 Fair Oaks Lane,Shawnee Mission,KS,66220,913-985-6970
92,Marleah,Musla,8982 Fallview Drive,New Haven,CT,06505,203-914-8410
93,Amity,Garvin,24 Pepper Wood Pass,Brooklyn,NY,11231,212-205-7754
94,Bren,Lammenga,511 Bunting Avenue,Wilmington,DE,19897,302-728-6074
95,Amye,Nezey,0192 Graedel Plaza,Mesa,AZ,85215,480-802-5644
96,Judd,Hek,9356 Esch Junction,Lexington,KY,40591,859-731-2861
97,Jarrad,Finnie,7 Gina Lane,Billings,MT,59105,406-629-9112
98,Dyann,Inglesent,91778 Pearson Junction,Bronx,NY,10469,917-514-0917
99,Kane,Casassa,10 Bluejay Drive,Las Vegas,NV,89110,702-922-8216
100,Gene,Coomber,31 Swallow Hill,Saint Paul,MN,55127,612-172-5039
101,Floria,Rudman,586 Briar Crest Point,Terre Haute,IN,47805,812-692-0892
102,Gillan,Sheriff,62 Gulseth Street,Tallahassee,FL,32314,850-177-1039
103,Marc,De Mitris,248 Del Sol Pass,Seattle,WA,98133,425-387-4062
104,Vickie,Ferronier,783 Mendota Place,Spring,TX,77386,713-227-5951
105,Lisa,Matzkaitis,7355 Fuller Street,Washington,DC,20022,202-171-6639
106,Derward,Dunsire,7 Hoard Street,Manassas,VA,22111,434-881-6851
107,Crysta,Hegges,48981 Northfield Road,Chicago,IL,60614,773-512-4625
108,Norrie,Dmiterko,405 Delladonna Junction,Springfield,IL,62794,217-635-6631
109,Dell,Mattisssen,6 Burning Wood Point,Detroit,MI,48211,734-351-5619
110,Francisca,Collinwood,82627 Morningstar Circle,Akron,OH,44393,234-231-6229
111,Curry,Tamsett,1072 Huxley Junction,Terre Haute,IN,47805,812-356-0824
112,Jemimah,Seligson,4 Doe Crossing Lane,Miami,FL,33185,305-973-5814
113,Aile,Jirzik,94 Westerfield Street,London,KY,40745,606-121-2681
114,Lauraine,Di Lucia,84523 North Circle,Flint,MI,48555,810-716-1927
115,Orv,Corston,4 Holy Cross Road,Cleveland,OH,44197,216-980-3926
116,Meryl,Gatland,86 Bonner Hill,Santa Clara,CA,95054,650-357-5981
117,Guthry,Reveley,36 School Terrace,Greensboro,NC,27499,336-143-9787
118,Sammy,Brixham,6832 Swallow Parkway,Richmond,VA,23228,804-539-2901
119,Norry,Chapleo,723 Rockefeller Way,Spokane,WA,99252,509-177-0904
120,Papagena,Sellers,6422 Melby Street,York,PA,17405,717-348-0233
121,Kathi,Caveill,684 Arrowood Avenue,Chicago,IL,60691,312-620-2935
122,Christie,Caneo,7 Sloan Court,Cumming,GA,30130,706-174-9584
123,Adi,Branchett,99 Milwaukee Parkway,Springfield,VA,22156,571-245-1992
124,Thedrick,d'Escoffier,44555 Northridge Terrace,Washington,DC,20442,202-576-5009
125,Clementia,Vardon,0 Schurz Pass,Fort Wayne,IN,46857,260-107-5611
126,Rebekah,Habbes,647 Nobel Center,Las Vegas,NV,89110,702-383-9739
127,Dianna,Mildenhall,1840 Porter Point,Lubbock,TX,79410,806-350-5151
128,Ivan,Brychan,7 Randy Hill,Phoenix,AZ,85062,602-443-2510
129,Madel,Jozef,44 Fairfield Crossing,New York City,NY,10039,917-906-6331
130,Trix,Chrystal,5716 Kedzie Center,Charlotte,NC,28242,704-772-2501
131,Brittney,Sowerby,3626 Red Cloud Street,Saint Paul,MN,55123,952-915-3571
132,Yevette,Whittington,61216 Hoepker Drive,Louisville,KY,40220,502-237-1254
133,Gerick,Proudlock,27 Anzinger Park,Lakeland,FL,33811,863-226-3212
134,Lydia,McGilvary,9 Ridgeview Plaza,Stockton,CA,95219,209-829-9720
135,Helen-elizabeth,Stoving,9208 Ridgeview Circle,El Paso,TX,79905,915-616-2176
136,Nap,Duell,41728 Novick Street,El Paso,TX,88546,915-582-4401
137,Millisent,Bramo,30 Eastlawn Terrace,Hartford,CT,06183,860-736-7680
138,Sully,Wyllis,5850 Mendota Crossing,Houston,TX,77240,713-638-5372
139,Luise,Dreng,189 Old Gate Point,Grand Rapids,MI,49505,616-493-9359
140,Glennie,Liffe,255 Shoshone Terrace,Tacoma,WA,98447,253-538-7839
141,Christyna,Dransfield,0773 Sachtjen Point,Plano,TX,75074,469-443-4878
142,Eb,Shilliday,7 Vera Pass,Santa Ana,CA,92725,714-226-4094
143,Virgina,Folomin,67901 Di Loreto Alley,Cincinnati,OH,45213,513-599-4575
144,Anton,Maddock,23 Bartillon Circle,Buffalo,NY,14269,716-527-4316
145,Jerrie,Paunton,3282 Hanover Lane,Oklahoma City,OK,73142,405-961-2248
146,Hermon,Gartell,38 Rutledge Avenue,Portsmouth,VA,23705,757-581-6307
147,Vergil,Dineges,20 Porter Parkway,Ogden,UT,84409,801-975-8733
148,Kylie,Ambrodi,4014 Jenifer Center,Savannah,GA,31405,912-521-9314
149,Kristine,Maine,71 Menomonie Place,Woburn,MA,01813,339-934-8290
150,Krishnah,McGavin,9224 Nancy Alley,El Paso,TX,79999,915-541-5153
151,Michel,Forlong,6 La Follette Place,Las Vegas,NV,89145,702-550-1513
152,Chrysler,Fenton,22740 Northview Place,Washington,DC,20051,202-533-5346
153,Julio,Hatherleigh,7560 Bonner Hill,Arlington,VA,22234,571-202-0185
154,Ilyssa,Asel,18 Northview Parkway,Charleston,WV,25305,304-214-1647
155,Tara,Teggart,06 Porter Trail,Miami,FL,33190,786-324-4494
156,Rochella,Restill,229 Homewood Pass,Augusta,GA,30911,706-624-5569
157,Russ,Skerratt,2893 East Center,Conroe,TX,77305,936-127-3502
158,Wallace,Stallen,6939 Oak Center,Green Bay,WI,54305,920-409-8034
159,Lorin,Stooders,95 Scofield Way,Gilbert,AZ,85297,602-498-2663
160,Steffen,Pinfold,2119 Village Road,Washington,DC,20557,202-818-2194
161,Lowell,Mundwell,9 Sunbrook Parkway,Des Moines,IA,50310,515-161-5664
162,Free,Lowsely,54 Coolidge Terrace,Bismarck,ND,58505,701-924-1627
163,Roley,Schoenrock,84400 Moulton Hill,Washington,DC,20046,202-168-3294
164,Gian,Panter,30 Kingsford Crossing,Maple Plain,MN,55572,763-341-1792
165,Fawne,Corten,4 Melrose Parkway,Midland,TX,79710,432-540-1324
166,Zack,Keemar,45 Starling Circle,Los Angeles,CA,90071,310-998-8965
167,Nora,Seiffert,767 Westridge Junction,Evanston,IL,60208,847-343-9649
168,Chase,Pollett,039 Dorton Way,Bellevue,WA,98008,206-152-5087
169,Bale,Ortiga,418 Dorton Crossing,Salem,OR,97306,503-755-0193
170,Keri,Copello,07182 Lakewood Gardens Street,Anderson,SC,29625,864-116-3865
171,Cly,Biskupiak,46 Northport Street,San Antonio,TX,78265,210-724-5322
172,Kelwin,Delamaine,0 Merry Road,New York City,NY,10039,646-514-5363
173,Gauthier,Meace,7 Independence Crossing,Honolulu,HI,96825,808-327-7296
174,Patty,Eakly,103 Havey Plaza,Santa Fe,NM,87505,505-876-4619
175,Ariana,Kruschov,817 Onsgard Road,Tulsa,OK,74156,918-904-0958
176,Keriann,Gerson,4 Ridge Oak Drive,Dallas,TX,75310,214-758-1098
177,Gerladina,Leverton,358 Badeau Park,Indianapolis,IN,46278,317-496-9262
178,Judi,Toffetto,656 Granby Way,Richmond,VA,23220,804-696-8519
179,Bob,Cadore,95695 Ilene Plaza,Columbia,SC,29240,803-390-5345
180,Hadrian,Siderfin,52511 Park Meadow Crossing,Evansville,IN,47747,812-642-0974
181,Cherianne,Epine,652 Leroy Plaza,Rochester,NY,14609,585-234-9143
182,Halley,Roddie,85 Portage Way,Akron,OH,44321,330-848-8312
183,Analise,Cummings,19 Express Lane,Bloomington,IL,61709,309-629-4243
184,Nicolette,Raunds,575 Main Plaza,Lexington,KY,40505,859-292-1470
185,Malinde,Hagart,3476 Blackbird Hill,Shreveport,LA,71166,318-262-2690
186,Otho,Langsdon,33116 North Street,Englewood,CO,80150,303-689-2084
187,Lutero,Nevitt,971 Oakridge Parkway,Columbia,MO,65211,573-584-8707
188,Culver,McKernon,09513 Lindbergh Junction,Saint Paul,MN,55114,612-611-8603
189,Caesar,Sheaber,93131 Londonderry Terrace,Charlotte,NC,28235,704-452-7065
190,Gerik,Pheasey,5 Morningstar Lane,Memphis,TN,38104,901-820-5372
191,Kirsteni,Coverly,0 Anzinger Court,Tacoma,WA,98424,253-505-8973
192,Ruy,Hysom,761 Steensland Road,Lafayette,LA,70505,337-134-5741
193,Katrine,Macrae,1815 Johnson Terrace,Arlington,TX,76096,817-575-2797
194,Reube,Boake,555 Dayton Road,Fort Lauderdale,FL,33345,754-782-5951
195,Alicia,Westphal,44352 Warrior Lane,Chicago,IL,60604,630-431-1413
196,Dorian,Rentelll,455 Springs Pass,Wichita,KS,67236,316-380-7902
197,Syman,Deveral,43 John Wall Crossing,Montgomery,AL,36134,334-388-1829
198,Mead,Surgison,013 Lakewood Gardens Road,Lexington,KY,40576,859-293-0322
199,Dasi,Jori,8 Oriole Terrace,Houston,TX,77271,713-732-6890
200,Ginny,Gaine of England,5630 Dapin Alley,Boca Raton,FL,33487,305-825-2578
201,Cathy,Dallin,42515 Merchant Parkway,Meridian,MS,39305,601-501-8297
202,Aeriel,Hampstead,9 Aberg Center,Greensboro,NC,27415,336-370-2154
203,Perri,Peracco,1857 Bay Terrace,Baltimore,MD,21265,410-731-9073
204,Evey,Bowlands,0047 Glacier Hill Trail,Springfield,VA,22156,571-706-5993
205,Claudius,Sutty,39700 Victoria Way,Modesto,CA,95397,209-803-0334
206,Almeta,Brockie,7 Bluestem Plaza,Seattle,WA,98166,253-175-4851
207,Gardener,Mougel,1650 Riverside Pass,Pompano Beach,FL,33069,954-837-3811
208,Audrie,Trevarthen,4 Service Court,Wichita Falls,TX,76305,940-581-8599
209,Kira,Kybbye,3680 Lake View Terrace,Boca Raton,FL,33432,561-130-5835
210,Candice,Ferriday,8125 Oxford Circle,Corpus Christi,TX,78405,361-311-0866
211,Robinet,Eddie,3 Karstens Court,Santa Monica,CA,90410,310-473-0891
212,Rebecca,Woodger,3599 Mandrake Trail,New York City,NY,10160,212-482-8676
213,Jethro,Resun,70 Main Court,Mansfield,OH,44905,419-133-8176
214,Wendye,Courtes,00618 Killdeer Way,Savannah,GA,31422,912-978-8456
215,Flss,McCawley,3588 Laurel Crossing,Harrisburg,PA,17105,717-161-7493
216,Samuele,Wynch,497 Armistice Hill,Hicksville,NY,11854,516-921-8868
217,Kandace,McCard,34916 Ramsey Drive,Baltimore,MD,21275,410-210-6477
218,Karil,Josefsson,8299 Dayton Lane,Albany,NY,12262,518-586-9095
219,Gardner,Irdale,7701 Swallow Terrace,San Diego,CA,92176,619-332-9543
220,Thelma,Filimore,548 Kedzie Hill,Hollywood,FL,33023,305-930-1122
221,Dennie,Moncarr,8754 Riverside Pass,Peoria,IL,61656,309-306-0918
222,Netti,Onians,017 Carey Junction,Saint Paul,MN,55188,651-909-7308
223,Devina,Ortner,5434 Hansons Drive,Portland,OR,97240,971-796-3958
224,Eloisa,Leggan,68 Colorado Park,Jamaica,NY,11407,516-393-0355
225,Susannah,Blackleech,62405 Kropf Pass,Van Nuys,CA,91499,213-469-3900
226,Hadley,Enticott,11720 Buell Street,Portland,OR,97221,503-634-4911
227,Nonnah,Hutsby,2 Miller Drive,Norfolk,VA,23504,757-181-1516
228,Laurianne,De Launde,17 Service Drive,Glendale,CA,91210,818-135-3173
229,Neale,Pochet,685 Portage Court,South Bend,IN,46620,574-243-9668
230,Sylvan,Fayne,2567 West Road,Denver,CO,80255,720-896-5125
231,Bayard,Ades,9 Chinook Way,Des Moines,IA,50362,515-537-9465
232,Edwina,Stachini,54375 Walton Point,Corona,CA,92883,951-809-4950
233,Sherrie,Sennett,3 Clove Way,Brooklyn,NY,11236,718-956-5433
234,Mehetabel,Jakoubek,86520 Kennedy Terrace,Washington,DC,20057,202-885-2317
235,Vivienne,Ree,8 Shelley Terrace,Gulfport,MS,39505,228-601-3925
236,Shayne,Wilshin,33014 Bobwhite Lane,Buffalo,NY,14225,716-698-2078
237,Flore,Glynn,1 Bunker Hill Court,Des Moines,IA,50320,515-658-8054
238,Rita,Matovic,4093 Jenna Road,Gatesville,TX,76598,254-976-4333
239,Lotty,Sweetzer,19707 Melby Center,Portland,OR,97286,503-533-8000
240,Leon,Pawlick,8733 Hagan Circle,San Jose,CA,95108,408-539-3420
241,Earle,Volkes,0 Lyons Lane,Monroe,LA,71213,318-160-2009
242,Corney,Calltone,331 Mcbride Park,Terre Haute,IN,47805,812-915-5639
243,Julissa,Clawe,81 Golf View Junction,Monroe,LA,71213,318-949-0903
244,Madeleine,Howford,78026 Quincy Road,Whittier,CA,90605,562-829-9949
245,Cory,Quibell,927 Maryland Drive,Monroe,LA,71213,318-782-0164
246,Leoline,Couttes,87892 Maryland Center,Milwaukee,WI,53263,414-258-0778
247,Bryon,McCafferty,74 Loeprich Circle,Washington,DC,20546,202-216-3560
248,Eal,Cupper,2250 Cody Place,Oakland,CA,94616,415-543-5647
249,Bianka,Beavan,5817 Randy Park,Danbury,CT,06816,203-468-4631
250,Germain,Mouth,18 Packers Junction,Brockton,MA,02305,508-382-5371
251,Darnall,McEvon,4 7th Circle,New York City,NY,10079,212-447-4644
252,Birdie,Ridler,5777 Heffernan Park,Birmingham,AL,35279,205-247-4084
253,Morgan,Aggus,99551 Rieder Place,Portland,OR,97296,503-809-0435
254,Boycie,Fretson,40 Towne Place,Saint Louis,MO,63150,314-637-0614
255,Dal,Bedome,54 Fair Oaks Alley,Cincinnati,OH,45254,513-533-4770
256,Marwin,Bryns,7043 Maryland Junction,Syracuse,NY,13251,315-681-2581
257,Cristal,Bome,4 Vera Lane,Las Vegas,NV,89193,702-514-0324
258,Eustacia,De Avenell,23239 Melby Street,New Orleans,LA,70183,504-751-6765
259,Preston,Vigneron,345 Golf Place,Glendale,AZ,85305,623-774-8492
260,Anders,Filler,01 Hanover Court,Sacramento,CA,94257,916-215-2021
261,Emlen,Catcherside,25079 Luster Street,Savannah,GA,31410,912-581-6365
262,Kippar,Chicco,17263 Troy Court,Springfield,IL,62794,217-921-1383
263,Tammi,Oswal,03 Lerdahl Trail,Greenville,SC,29605,864-648-0825
264,Antonius,Townend,35 Morrow Street,Las Vegas,NV,89155,702-150-5554
265,Arliene,Jorden,0 Erie Drive,Jacksonville,FL,32220,904-369-2077
266,Xymenes,Doorly,6 Mccormick Crossing,Littleton,CO,80126,720-210-3801
267,Tine,Lampitt,9043 Hazelcrest Street,Portland,OR,97286,503-658-4951
268,Holly,Vieyra,33 Bluejay Center,Columbia,SC,29225,803-453-4736
269,Pancho,Mathiassen,57 Manitowish Trail,Jackson,MS,39210,601-116-6502
270,Halimeda,Eagan,0 Loomis Court,San Diego,CA,92196,619-423-9003
271,Jandy,Keer,53 Cordelia Terrace,Pensacola,FL,32595,850-474-4043
272,Free,Kimble,7166 Moose Lane,Valley Forge,PA,19495,484-501-0927
273,Missy,Sarfatti,1207 Merry Avenue,Louisville,KY,40233,502-259-1526
274,Steffie,Edgars,96554 Bobwhite Terrace,Charlotte,NC,28284,704-295-4342
275,Tripp,Tiron,0275 Farwell Street,Fort Wayne,IN,46805,260-601-0805
276,Catherine,Deeprose,2544 Stoughton Trail,Dallas,TX,75260,214-397-7423
277,Morlee,Shilstone,93118 Anzinger Center,Austin,TX,78721,512-122-0136
278,Marlo,Meric,810 Homewood Crossing,Springfield,IL,62776,217-907-2107
279,Pen,Russ,3001 Monterey Alley,Newark,DE,19725,302-604-3460
280,Gibby,Bucklee,3 Evergreen Lane,Miami,FL,33111,786-416-9980
281,Jeffy,Jacmar,30 Dennis Court,Lexington,KY,40586,859-220-5560
282,Ado,Gonnet,40793 Mallard Road,Buffalo,NY,14263,716-988-6087
283,Wittie,Domelow,49510 Express Trail,Richmond,VA,23203,804-711-6441
284,Gardiner,Corsor,9888 Warner Pass,Bakersfield,CA,93386,661-447-3163
285,Lethia,Quelch,481 Warbler Point,Richmond,VA,23293,804-867-5954
286,Chaddy,Seavers,1535 Dakota Trail,Waterbury,CT,06721,203-511-6726
287,Ritchie,Guys,40487 Grim Drive,Garden Grove,CA,92645,714-251-7243
288,Jammal,Scholes,783 Debra Crossing,Gatesville,TX,76598,254-265-7938
289,Ephraim,Sherwyn,90 Dryden Place,Milwaukee,WI,53225,414-455-1942
290,Alfie,Amar,5427 Corben Point,Aurora,CO,80015,303-323-3937
291,Gwen,Orred,9 Fulton Parkway,Pasadena,CA,91199,626-789-3845
292,Wheeler,Christopher,22 Fair Oaks Terrace,Las Vegas,NV,89130,702-939-2680
293,Esmeralda,Moro,13 Hallows Place,Bakersfield,CA,93381,661-388-4656
294,Thaddus,Bartos,44120 Nevada Center,Rochester,NY,14604,585-277-5859
295,Tildie,Gavagan,38426 Pine View Point,Boulder,CO,80310,303-128-9748
296,Leigha,Kewish,181 Ridge Oak Drive,Buffalo,NY,14220,716-593-2248
297,Olivia,Candlish,80914 Darwin Trail,Tempe,AZ,85284,480-146-0116
298,Wye,Astley,94891 Kennedy Parkway,Decatur,IL,62525,217-771-4342
299,Pammie,Bearward,783 Ryan Avenue,Riverside,CA,92519,951-758-1461
300,Glenn,Puttrell,91419 Brickson Park Center,Bradenton,FL,34205,941-659-4562
301,Udell,Gulston,62 Grayhawk Lane,Morgantown,WV,26505,304-361-5796
302,Bartlett,Fearick,76467 Dapin Hill,Jacksonville,FL,32225,904-183-1381
303,Shannon,Sapey,395 Westridge Place,Columbus,OH,43240,740-691-5766
304,Nat,Colleymore,28616 Karstens Point,Joliet,IL,60435,815-646-6383
305,Irena,Mackieson,407 Tony Avenue,Akron,OH,44321,330-702-1986
306,Thaddeus,Huglin,61277 Kenwood Hill,Amarillo,TX,79159,806-182-6741
307,Erica,Haggith,33824 Fieldstone Alley,Columbus,OH,43226,614-203-1306
308,Konstantine,Dufty,78478 Talmadge Street,Los Angeles,CA,90030,213-286-1184
309,Cosette,Sicely,2439 Kings Road,Charlotte,NC,28289,704-191-3241
310,Natty,Dewdney,91582 Buell Center,Syracuse,NY,13205,315-513-1667
311,Ginny,Melloi,9 Continental Alley,Oakland,CA,94605,510-898-9578
312,Prentice,Rudgley,7 Nova Hill,Tacoma,WA,98405,253-749-6496
313,Robbie,Geater,76 Sloan Point,Wilmington,DE,19810,302-963-1776
314,Grier,Timblett,5788 Riverside Plaza,Baltimore,MD,21265,410-668-7006
315,Aloin,Ovid,5 Monica Center,Rochester,NY,14683,585-405-9727
316,Brocky,Worsham,8 Clemons Crossing,Washington,DC,20503,202-284-3821
317,Almeta,Whatham,91298 Stuart Pass,El Paso,TX,88530,915-786-3312
318,Syd,Eynald,296 Gina Place,Trenton,NJ,08619,609-744-4090
319,Thedrick,Amthor,648 Golf Alley,Washington,DC,20231,202-719-4764
320,Ralph,Surpliss,56437 Golf Course Junction,Madison,WI,53779,608-887-9997
321,Yettie,Bruhn,5855 Glacier Hill Junction,Buffalo,NY,14215,716-302-1720
322,Humphrey,Francois,5 Mallard Lane,Birmingham,AL,35205,205-481-7904
323,Hilario,Scadding,57 Commercial Road,Saint Louis,MO,63110,314-269-4635
324,Benedick,Langmuir,16354 Havey Drive,Lexington,KY,40576,859-851-3983
325,Laurence,Aspy,7105 Melby Avenue,Lafayette,LA,70505,337-497-3652
326,Anestassia,Livock,57 Gateway Circle,Los Angeles,CA,90055,213-558-3240
327,Rozella,Spino,3 Golf Way,Norman,OK,73071,405-229-0179
328,Gusti,Ridel,6 Brickson Park Plaza,El Paso,TX,88569,915-681-4528
329,Rossy,Geraldez,7 Carberry Center,Kansas City,MO,64160,816-168-3285
330,Carlita,Slegg,514 Rigney Street,Omaha,NE,68105,402-936-9446
331,Eartha,Elcom,02514 Thierer Way,Los Angeles,CA,90005,818-468-1932
332,Courtney,Forrestor,22349 Bluejay Circle,Des Moines,IA,50393,515-955-6189
333,Donnie,Chatwood,63121 Arapahoe Plaza,Berkeley,CA,94712,510-432-8906
334,Aguie,Farguhar,394 Cody Hill,Grand Junction,CO,81505,970-314-4828
335,Miltie,Arundale,61 Cottonwood Park,Cincinnati,OH,45233,513-861-0737
336,Waring,McAuliffe,37 Waywood Center,Carson City,NV,89714,775-692-7597
337,Hermann,Hubbuck,8 Ridgeway Street,Omaha,NE,68197,402-437-5841
338,Philippine,Dilley,47071 Donald Lane,Evansville,IN,47705,812-194-0129
339,Orv,McGeffen,56674 Fordem Trail,Washington,DC,20392,202-777-5086
340,Barty,Hollingdale,8 Norway Maple Parkway,Asheville,NC,28815,828-752-1980
341,Corette,Byfford,3008 Chinook Parkway,Philadelphia,PA,19172,215-402-5998
342,Nessi,Harnes,855 Blackbird Park,Birmingham,AL,35285,205-758-0218
343,Bette-ann,Brecon,74 Ronald Regan Avenue,San Francisco,CA,94137,415-538-5074
344,Malina,Fontell,1 Mendota Court,Canton,OH,44760,234-643-7560
345,Allene,Reggler,2 Pepper Wood Center,Charleston,WV,25331,304-456-3269
346,Barde,Deboo,85 Manufacturers Pass,Midland,MI,48670,989-694-1809
347,Syd,Napoleon,1692 Farragut Crossing,Louisville,KY,40205,502-491-7940
348,Claretta,Larret,91565 6th Street,Santa Barbara,CA,93150,805-776-0110
349,Agnola,Shapland,9 Oak Valley Center,Sterling,VA,20167,571-411-7778
350,Leonard,Uttridge,28917 Jackson Court,Los Angeles,CA,90010,818-179-0325
351,Risa,Matityahu,080 Prairie Rose Court,Colorado Springs,CO,80910,719-317-8305
352,Zarah,Gorring,22984 Bunker Hill Court,Lubbock,TX,79405,806-273-2784
353,Barbey,Allsobrook,7 Bowman Point,Corpus Christi,TX,78426,361-744-0355
354,Nicolle,Dudin,061 Nelson Way,Bridgeport,CT,06673,203-811-6039
355,Gary,Darbishire,12322 Crest Line Center,San Diego,CA,92160,619-268-7507
356,Holly-anne,Merryweather,22 Twin Pines Way,Punta Gorda,FL,33982,941-985-3517
357,Mariejeanne,McIlwaine,746 Oxford Trail,San Antonio,TX,78291,210-734-1840
358,Tadio,Venditti,9 Moulton Avenue,Oakland,CA,94605,510-604-7525
359,Sheffield,Adamczewski,2041 Park Meadow Trail,Sacramento,CA,94263,916-778-5722
360,Lev,Timberlake,93 Golf Way,San Diego,CA,92160,619-261-0411
361,Linzy,Paradis,29 Green Street,Madison,WI,53710,608-211-6029
362,Estrellita,Iredale,64 Talisman Drive,Midland,TX,79710,432-668-6649
363,Sibylla,Zappel,1 Claremont Road,Washington,DC,20337,202-441-4570
364,Laverne,Simeone,839 Milwaukee Point,Buffalo,NY,14233,716-502-7997
365,Tilda,Switzer,11 Fremont Plaza,Chicago,IL,60646,847-320-7475
366,Llewellyn,Cohane,09250 Grasskamp Road,Charlotte,NC,28256,704-473-2585
367,Ann-marie,Carden,16 Trailsway Plaza,Ashburn,VA,22093,571-832-3159
368,Toddy,Safont,831 Coolidge Court,Seattle,WA,98166,206-792-2867
369,Bail,Schirak,9901 Fairview Court,Anchorage,AK,99517,907-332-4643
370,Ondrea,Goford,52442 Johnson Circle,Panama City,FL,32405,850-779-1055
371,Stinky,Trownson,1 Cordelia Court,Arvada,CO,80005,720-898-9192
372,Ramona,Skipp,983 Paget Place,Mobile,AL,36641,251-962-8478
373,Arney,Corzor,78289 Melvin Terrace,Greenville,SC,29605,864-372-6391
374,Bunni,Groneway,09 Coolidge Hill,Nashville,TN,37245,615-308-6556
375,Clementius,Mendus,9543 Prentice Place,Oakland,CA,94605,510-398-9667
376,Desiree,Marcu,73 Brickson Park Plaza,Saint Petersburg,FL,33715,727-151-5105
377,Innis,Beamand,3594 Ohio Circle,Jackson,TN,38308,731-892-2470
378,Ibby,Dudden,3464 Maryland Way,Minneapolis,MN,55448,763-667-8613
379,Brigham,Stow,0878 Red Cloud Junction,Concord,CA,94522,925-799-6425
380,Frederigo,Skeates,95464 Old Gate Avenue,Lexington,KY,40591,859-575-5108
381,William,Eddowes,329 Merry Park,Cumming,GA,30130,706-345-6069
382,Doug,Ainley,3 Dryden Point,Atlanta,GA,31165,404-749-1522
383,Felicity,Janaud,420 Harper Trail,Springfield,MA,01129,413-694-8246
384,Howard,Lightfoot,721 Russell Place,Portland,OR,97255,971-118-4022
385,Georgianne,Solley,9041 Caliangt Crossing,Carson City,NV,89714,775-256-3291
386,Benson,Claye,105 Westport Drive,Atlanta,GA,30306,404-380-8455
387,Clevey,Aymerich,43838 Vahlen Point,Springfield,MO,65810,417-751-8752
388,Antonia,Royle,9407 Morningstar Alley,Cincinnati,OH,45203,513-671-6727
389,Aubry,Barmadier,8 Messerschmidt Avenue,Mesa,AZ,85205,480-105-4726
390,Kristen,Spackman,75298 Graceland Plaza,Des Moines,IA,50369,515-215-2808
391,Nadya,Wrathmall,8 Gateway Street,Milwaukee,WI,53225,414-293-0518
392,Ruprecht,Mountford,5 Moulton Court,Midland,TX,79705,432-597-3549
393,Hi,Mecozzi,40 Briar Crest Trail,Tampa,FL,33633,813-860-1842
394,Grata,Watterson,3 Fulton Terrace,New York City,NY,10260,212-320-2638
395,Northrup,Oaten,17 Cody Road,Bethesda,MD,20892,301-880-3414
396,Jessi,Crux,566 4th Avenue,Morgantown,WV,26505,304-690-6252
397,Inigo,Hazelgreave,5719 Granby Junction,Fargo,ND,58106,701-573-2743
398,Brion,Daymond,2 Hagan Road,New Haven,CT,06520,203-305-7633
399,Yves,Curteis,90 Johnson Road,Philadelphia,PA,19172,215-492-1247
400,Petra,Pevreal,24 4th Drive,Riverside,CA,92519,951-625-0060
401,Urbain,Knapp,7035 Luster Court,Delray Beach,FL,33448,561-551-7395
402,Joshua,Wathen,03 Oakridge Drive,Grand Forks,ND,58207,701-543-3739
403,Ronica,Jollie,54992 Moland Way,San Jose,CA,95128,714-287-6633
404,Dorian,Rogeron,8776 South Alley,Philadelphia,PA,19184,215-540-5096
405,Margaretha,Dowley,2 Nelson Street,Rochester,NY,14619,585-343-6147
406,Ring,Synder,989 School Park,San Diego,CA,92145,619-634-6850
407,Nisse,Follitt,7493 Riverside Crossing,Charleston,WV,25362,304-167-8291
408,Barbette,Yeoland,6820 Sage Avenue,Miami,FL,33233,786-351-6407
409,Niki,Lidierth,396 West Point,Des Moines,IA,50369,515-559-6972
410,Celesta,Celez,3478 Dahle Circle,Huntington Beach,CA,92648,562-807-4244
411,Ker,Gavey,31830 Barnett Drive,El Paso,TX,88558,915-310-2031
412,Aeriela,Upjohn,65 Chinook Circle,Oxnard,CA,93034,805-514-5004
413,Edlin,Fisk,0406 Sutteridge Parkway,Amarillo,TX,79165,806-770-1015
414,Teodora,Terbruggen,618 Di Loreto Point,Washington,DC,20470,202-914-9289
415,Perla,Pont,92527 Novick Place,Greensboro,NC,27415,336-312-1411
416,Currey,Camsey,37 Summer Ridge Junction,Houston,TX,77010,713-516-5985
417,Larina,Plant,3942 Fairfield Street,Raleigh,NC,27690,919-123-6756
418,Blondie,Vallender,0 Norway Maple Place,Anderson,IN,46015,765-863-8480
419,Annmaria,MacKnocker,4 Northport Park,Shreveport,LA,71137,318-686-3985
420,Pepito,Lindwasser,171 Toban Road,Largo,FL,34643,727-798-7055
421,Oby,Conduit,4002 Westridge Park,Las Vegas,NV,89125,702-533-6036
422,Buffy,Conyard,46981 Parkside Hill,Philadelphia,PA,19141,215-782-7329
423,Hardy,Penley,59 Quincy Plaza,Raleigh,NC,27615,919-376-0478
424,Fae,Von Welldun,42 Meadow Ridge Circle,North Hollywood,CA,91606,818-234-7418
425,Charlotta,Fellgate,31974 Helena Circle,Tallahassee,FL,32399,850-816-4230
426,Cortney,Ashforth,5662 Anzinger Circle,Lake Charles,LA,70616,337-210-6944
427,Panchito,Rotherham,0094 Brown Circle,New York City,NY,10125,212-453-7110
428,Nye,Zorro,5 East Crossing,Columbia,SC,29225,803-610-1429
429,Selinda,Terren,4 Duke Alley,San Diego,CA,92127,619-759-5058
430,Godfree,Farenden,499 Farmco Hill,Brooklyn,NY,11231,718-727-6406
431,Tudor,Bastock,48 1st Point,Syracuse,NY,13205,315-528-4175
432,Bette,Kitteridge,9322 Schurz Parkway,Woburn,MA,01813,339-202-5724
433,Roseline,Massy,5678 Badeau Hill,Spokane,WA,99260,509-428-5337
434,Bone,Dunguy,35174 Red Cloud Trail,Erie,PA,16510,814-480-4917
435,Hamlen,Discombe,09310 Dryden Parkway,Oklahoma City,OK,73147,405-381-2122
436,Dorotea,MacLachlan,002 Service Center,Richmond,VA,23289,804-976-3200
437,Giovanni,Morecomb,7798 Sachs Parkway,San Francisco,CA,94164,415-612-4909
438,Penn,Szubert,54714 Autumn Leaf Way,New Haven,CT,06538,203-845-0396
439,Anabel,Martelet,842 Stone Corner Road,Philadelphia,PA,19115,215-457-9856
440,Austin,MacCarrick,9 Ludington Terrace,Baton Rouge,LA,70805,225-259-6289
441,Olia,Godber,7436 Mayfield Terrace,Minneapolis,MN,55441,952-559-5429
442,Rikki,Jozsa,02813 Schurz Trail,Tampa,FL,33620,813-725-9265
443,Ewan,Dacres,44442 Mifflin Park,Cleveland,OH,44105,216-416-3788
444,Fifi,Hazeldine,836 Blaine Plaza,Chicago,IL,60686,312-170-2593
445,Court,Lenaghen,67961 Blackbird Pass,Alhambra,CA,91841,626-706-1900
446,Gallard,Mattson,16 David Crossing,Newark,NJ,07104,973-396-1153
447,Florance,Reignould,6 Logan Terrace,Amarillo,TX,79118,806-994-6643
448,Dominic,Selliman,3704 Portage Drive,Sacramento,CA,95828,916-615-0252
449,Valentine,Kivlehan,6394 Randy Court,Winston Salem,NC,27110,336-358-1912
450,Marabel,Hark,2 Anhalt Way,Jeffersonville,IN,47134,812-250-5428
451,Filia,Beacroft,7 Karstens Trail,Omaha,NE,68124,402-264-2275
452,Stafani,Surguine,491 Surrey Circle,Minneapolis,MN,55470,612-797-3382
453,Augustina,Pack,766 Summer Ridge Trail,Charleston,WV,25326,304-181-7016
454,Wynne,Sime,49 Thompson Way,Naples,FL,34114,239-749-6106
455,Penny,Akam,7 Basil Point,Washington,DC,20535,202-633-5411
456,Herold,De Mattia,904 Jackson Park,Houston,TX,77065,713-881-0942
457,Shauna,Bazell,0756 Towne Center,Des Moines,IA,50369,515-457-3789
458,Prudence,Simon,0642 Hauk Trail,Lexington,KY,40524,859-135-4971
459,Dido,Hurford,3717 Fisk Point,Winston Salem,NC,27105,336-819-8169
460,Isaak,Wrixon,5215 American Center,Young America,MN,55573,952-668-4728
461,Findlay,Cremen,88159 Thierer Junction,Long Beach,CA,90840,562-636-0647
462,Matilde,Syred,7151 Utah Avenue,New York City,NY,10090,212-317-4486
463,Ingaberg,Loosmore,04008 Westport Way,Trenton,NJ,08603,609-643-9040
464,Urson,Brudenell,5 Eastlawn Drive,Green Bay,WI,54305,920-760-9177
465,Lily,Alejo,179 Shoshone Circle,Anaheim,CA,92805,562-327-6404
466,Mendel,Brithman,6020 Spaight Point,Wilkes Barre,PA,18706,570-522-8515
467,Margaretha,Cryer,6176 Truax Junction,Las Cruces,NM,88006,505-265-1699
468,Wallace,Morston,6307 Bonner Lane,Savannah,GA,31405,912-940-3357
469,Meggi,Gingedale,79688 Kennedy Road,Lubbock,TX,79452,806-884-5838
470,Sheilakathryn,Keers,4377 Dayton Park,Saint Louis,MO,63121,314-416-5076
471,Raddie,Dyers,73406 Tennyson Street,Sacramento,CA,94250,916-219-2908
472,Bertie,Rosenwald,085 Bunker Hill Avenue,Fort Wayne,IN,46852,260-485-4801
473,Shurlocke,McReynold,875 Crescent Oaks Alley,Houston,TX,77245,713-719-9891
474,Geoffrey,Phillippo,6 Michigan Junction,West Palm Beach,FL,33411,561-637-5518
475,Kelly,Rodwell,16914 Wayridge Avenue,Hamilton,OH,45020,937-618-8372
476,Stanislaus,Humphries,842 Dunning Terrace,Richmond,VA,23228,804-835-7992
477,Maxie,Longfield,29 Eastlawn Hill,Kansas City,MO,64101,816-100-0085
478,Rusty,Ovill,52 Anniversary Circle,Saint Louis,MO,63150,314-221-7538
479,Danyelle,Barbera,1 Messerschmidt Avenue,Portland,OR,97296,503-813-8635
480,Abby,Hatch,0 Prentice Lane,Milwaukee,WI,53234,414-792-8289
481,Romy,Greenhall,1973 Quincy Center,Wichita Falls,TX,76310,940-394-7266
482,Debora,Greenwell,4 Spenser Hill,Austin,TX,78778,512-827-1142
483,Wilhelmine,Killock,19402 Portage Pass,Philadelphia,PA,19141,215-769-1135
484,Thibaut,Saberton,8243 Fairfield Lane,Austin,TX,78715,512-396-8213
485,Gerik,Deeny,0966 Starling Road,Hartford,CT,06105,203-948-2037
486,Lorettalorna,Eyres,38 Mockingbird Point,Santa Ana,CA,92725,714-543-0778
487,Frasquito,Garden,2519 Ridgeview Trail,Minneapolis,MN,55487,612-465-1120
488,Lon,Feyer,14255 Wayridge Lane,El Paso,TX,79923,915-429-7064
489,Frans,Hush,1 Mandrake Place,Fort Wayne,IN,46814,260-308-1305
490,Worth,Hutt,0522 Jackson Street,Norfolk,VA,23504,757-637-7927
491,Simeon,Olivella,505 Basil Way,Augusta,GA,30911,706-454-2728
492,Maryjane,Abramovicz,9248 Morning Hill,Tacoma,WA,98411,253-937-4729
493,Heall,Larkin,2 Center Drive,Phoenix,AZ,85062,602-900-9806
494,Eziechiele,Bettenson,8816 Rockefeller Court,Whittier,CA,90610,562-827-1465
495,Honoria,Winnard,83 Grayhawk Center,Seattle,WA,98148,253-296-8289
496,Clerc,Grigolli,1631 Hovde Alley,Washington,DC,20231,202-950-3352
497,Lee,Woolner,832 Mccormick Parkway,Naperville,IL,60567,630-683-7107
498,Major,Alflat,72 Kinsman Way,Harrisburg,PA,17140,717-972-7730
499,Baudoin,Jaquemar,13 Utah Hill,Virginia Beach,VA,23471,757-492-8459
500,Lyda,Mattioli,3363 Fuller Pass,Baton Rouge,LA,70820,225-167-3622
501,Leicester,Bugdell,826 Amoth Alley,Norfolk,VA,23509,757-197-6563
502,Zelma,Markova,6 Garrison Avenue,Baltimore,MD,21216,410-977-9162
503,Manuel,Truder,10559 Gerald Street,New Orleans,LA,70142,504-479-0392
504,Deborah,Pykett,9 Pankratz Street,Brooklyn,NY,11215,718-696-3866
505,Martguerita,Jurs,79334 Lotheville Hill,San Angelo,TX,76905,325-481-5199
506,Oriana,Eddisford,611 International Road,Sacramento,CA,95852,916-401-2806
507,Loree,Yurchenko,4 Grim Street,Providence,RI,02912,401-407-2543
508,Zorina,Kaplan,3628 Melvin Hill,Memphis,TN,38136,901-519-9911
509,Magdalene,McTerrelly,130 Anthes Street,Glendale,CA,91210,818-549-2503
510,Briggs,Magrannell,3910 Knutson Alley,North Hollywood,CA,91606,818-990-4518
511,Ezra,Twell,4 Maryland Trail,Santa Ana,CA,92705,714-701-2900
512,Aldus,Uren,3032 Petterle Terrace,Salinas,CA,93907,831-952-0592
513,Jard,Bahde,26 Northridge Hill,Garland,TX,75044,972-656-3103
514,Vassili,Brisson,275 Waxwing Crossing,Buffalo,NY,14276,716-699-8468
515,Pinchas,Djorevic,9552 Bluestem Road,Dayton,OH,45454,937-327-1940
516,Ody,Montez,657 Sutteridge Center,York,PA,17405,717-788-4928
517,Kelcy,Fickling,3 Veith Hill,San Diego,CA,92105,619-593-0525
518,Solly,Zohrer,7717 Schiller Way,Cumming,GA,30130,706-660-4897
519,Collen,Le Marchant,14 Eagle Crest Street,Gaithersburg,MD,20883,240-100-1743
520,Morley,Spinke,54 Shopko Terrace,New Haven,CT,06505,203-361-0918
521,Brod,MacCague,08 Butterfield Parkway,Greenville,SC,29615,864-759-1274
522,Gillie,Fochs,5546 Mockingbird Road,Naples,FL,33961,305-639-7456
523,Elmo,Ousby,714 Maple Park,Long Beach,CA,90810,323-404-0056
524,Shae,Heistermann,69330 Sheridan Junction,Tampa,FL,33615,813-346-0010
525,Abbot,Legonidec,0911 Transport Plaza,Winston Salem,NC,27116,336-761-6016
526,Rodger,Southard,7255 Dennis Circle,Pueblo,CO,81005,719-184-0109
527,Gerrilee,O'Neary,230 Merrick Court,Nashville,TN,37210,615-451-5023
528,Haven,Iaduccelli,4552 Karstens Alley,Sparks,NV,89436,775-991-2212
529,Donetta,Silversmidt,33 Forest Road,Beaufort,SC,29905,843-669-0670
530,Rorke,Guilaem,7 Golf Pass,Orlando,FL,32854,407-774-7530
531,Filip,Idill,56721 Pearson Hill,Orlando,FL,32819,321-137-2425
532,Christoph,Shermore,313 Gerald Street,Charlotte,NC,28205,704-339-9931
533,Pam,Tagg,54 Bayside Road,Northridge,CA,91328,818-627-1578
534,Bevan,Brownsey,5 Harbort Parkway,Johnstown,PA,15906,814-847-8790
535,Vivianne,Terrey,11208 Hanson Plaza,Memphis,TN,38109,901-832-5751
536,Augustus,Tanguy,027 Crownhardt Park,Southfield,MI,48076,586-524-2840
537,Trude,Seeley,577 Morning Avenue,Chattanooga,TN,37410,423-114-3750
538,Mischa,Henighan,71 Springs Place,Washington,DC,20535,202-741-3085
539,Aylmer,Jurisic,5866 Carberry Alley,Dallas,TX,75358,214-253-5736
540,Celesta,Tant,701 Longview Court,Chicago,IL,60646,847-711-9761
541,Janey,Kidwell,013 Northridge Place,Fort Collins,CO,80525,970-391-3275
542,Dayna,Mayou,48 Moland Place,Houston,TX,77255,713-409-0953
543,Abdel,Hazzard,8 Pierstorff Point,Des Moines,IA,50936,515-581-6946
544,Eudora,Swin,6 Cambridge Hill,Peoria,IL,61640,309-852-3894
545,Marty,Spinetti,339 Bunting Point,Burbank,CA,91520,626-573-8605
546,Harriette,Streetley,110 Rowland Point,Salem,OR,97312,971-327-0035
547,Prissie,Cashen,1008 Grim Hill,Wichita Falls,TX,76310,940-812-7873
548,Dulcea,Darrel,779 Fisk Avenue,Spring Hill,FL,34611,352-929-7797
549,Inger,Filyukov,238 Larry Place,Atlanta,GA,30340,404-683-8588
550,Caz,Gladtbach,750 David Alley,Ridgely,MD,21684,410-347-8481
551,Caroline,Guarnier,623 Everett Way,Providence,RI,02905,401-244-5151
552,Rena,Clethro,986 Anniversary Court,Portland,OR,97255,971-401-4443
553,Sanson,Dullaghan,240 Mifflin Avenue,Minneapolis,MN,55402,952-235-2515
554,Lindsy,Lavery,23 Ridge Oak Avenue,Clearwater,FL,34629,727-433-6026
555,Cornie,Brannan,77 Iowa Crossing,Boston,MA,02104,318-598-9078
556,Amber,Geggus,0 Prairie Rose Parkway,Miami,FL,33129,305-653-8760
557,Selene,Swalteridge,124 Sullivan Avenue,Las Vegas,NV,89105,702-436-2179
558,Kevin,Nightingale,53122 Bunting Junction,Phoenix,AZ,85010,602-997-8306
559,Etty,Merrigan,42 Manufacturers Lane,Shreveport,LA,71105,318-424-5747
560,Bobbye,Ruvel,59587 Swallow Place,Charlotte,NC,28215,704-193-2192
561,Lonnie,Willowby,5450 Village Green Plaza,Miami,FL,33245,786-991-6783
562,Goldina,Coupman,79667 West Circle,Nashville,TN,37245,615-705-3935
563,Athene,Baythrop,84 Stang Alley,Lexington,KY,40586,859-256-6599
564,Pieter,Joder,818 Scofield Place,San Antonio,TX,78296,210-295-7967
565,Car,Omond,4 Novick Street,Phoenix,AZ,85099,602-814-4663
566,Cristina,Bridgen,9458 Lindbergh Point,San Antonio,TX,78220,210-338-7625
567,Edgard,Isabell,3148 Graceland Hill,El Paso,TX,88569,915-646-1830
568,Trevor,Bramich,8 Almo Park,Chico,CA,95973,916-750-8759
569,Josee,Reedie,81 Prentice Drive,Saint Paul,MN,55166,651-225-0248
570,Jammie,Mackerness,97 Caliangt Road,Schaumburg,IL,60193,847-722-8042
571,Gabie,Baudry,8 Melrose Trail,Cincinnati,OH,45238,513-867-8281
572,Ahmad,Ickovicz,65217 Golf View Court,Reston,VA,20195,703-669-0779
573,Inga,Camel,745 Anhalt Alley,Chicago,IL,60674,312-453-9596
574,Marylynne,Beecraft,24 Del Mar Crossing,Rochester,NY,14609,585-354-7383
575,Celia,Whightman,613 Donald Park,Trenton,NJ,08619,609-419-7049
576,Ilyse,MacKnight,11 Fieldstone Point,Memphis,TN,38104,901-902-4782
577,Tandy,Layland,443 Hoffman Junction,San Diego,CA,92110,949-594-9038
578,Karissa,Liell,99368 Warner Court,Knoxville,TN,37931,865-170-4791
579,Arluene,Logg,98249 Service Alley,Boulder,CO,80310,303-616-2113
580,Ottilie,Boynes,5 Graedel Crossing,Missoula,MT,59806,406-709-0566
581,Kala,Adriani,7 Loftsgordon Way,Detroit,MI,48295,313-889-8013
582,Taite,Spanton,37 Rutledge Lane,Sacramento,CA,95833,530-383-4176
583,Blinnie,Maud,7972 Vidon Parkway,North Las Vegas,NV,89087,702-430-7877
584,Alyson,Greedy,41 Pine View Alley,Visalia,CA,93291,559-930-4040
585,Wayne,Minithorpe,2524 Victoria Street,San Antonio,TX,78235,210-225-4164
586,Bertha,Gailor,3583 Lighthouse Bay Park,Houston,TX,77250,713-198-0638
587,Tobit,Fackrell,945 Laurel Point,Oakland,CA,94660,510-395-8605
588,Candace,Abbatt,7539 Farragut Way,Richmond,VA,23289,804-420-3435
589,Aarika,Nashe,1005 Gateway Circle,Sacramento,CA,94237,916-152-6764
590,Emlynn,Ancliff,6 Monument Junction,Richmond,VA,23203,804-783-3932
591,Porty,Donat,41 Sundown Lane,Conroe,TX,77305,936-417-5723
592,Wendel,Horlick,8 Clyde Gallagher Place,Waco,TX,76711,254-806-5707
593,Jorey,Karim,0 Pearson Point,Tallahassee,FL,32314,850-800-9501
594,Arni,Yaus,12796 Porter Place,Buffalo,NY,14269,716-309-3958
595,Tatum,Sweynson,7 Bluestem Avenue,Alexandria,VA,22313,571-616-8103
596,Samuel,Huffa,0917 Lake View Road,Indianapolis,IN,46254,317-367-0891
597,Barry,Songest,5109 Starling Park,Toledo,OH,43615,419-377-3030
598,Hannie,Juliano,89592 Lien Plaza,Cincinnati,OH,45243,513-624-8544
599,Imogen,Maseyk,25 Surrey Lane,Chicago,IL,60630,312-454-4279
600,Nikos,Tolworthy,53 Harper Circle,Evansville,IN,47705,812-657-2011
601,Babbie,Clemenzi,56806 Crescent Oaks Center,Sacramento,CA,94291,916-618-3691
602,Marietta,Yakobowitch,6793 Forest Center,Kansas City,MO,64125,816-138-1414
603,Brig,Westerman,34 6th Avenue,Springfield,OH,45505,937-526-3450
604,Augustin,McCreery,154 Dahle Parkway,Waco,TX,76705,254-271-4772
605,Anselma,Rudsdale,5 Mifflin Street,Saint Augustine,FL,32092,904-268-9601
606,Nike,Shave,4954 Pepper Wood Avenue,Norfolk,VA,23504,757-157-4351
607,Ario,Brummell,5147 Wayridge Park,Des Moines,IA,50347,515-895-3000
608,Alisa,Sailor,664 Derek Trail,Pensacola,FL,32520,850-965-1936
609,Berna,Llewelyn,59566 Sunbrook Hill,El Paso,TX,79923,915-696-6980
610,Sada,Cello,86920 Center Trail,Conroe,TX,77305,936-653-2578
611,Livvyy,Canny,762 Arrowood Place,Dayton,OH,45454,937-571-3338
612,Hagan,Cossons,6760 Monterey Street,Los Angeles,CA,90040,213-956-9049
613,Rickie,Ryson,37556 Prairieview Court,Los Angeles,CA,90015,213-670-7243
614,Bearnard,Cossentine,8 Oak Circle,Macon,GA,31296,478-804-9853
615,Curcio,Eeles,6757 Carioca Crossing,Paterson,NJ,07544,862-526-8609
616,Jeremy,Draycott,2911 Vernon Circle,Cambridge,MA,02142,781-229-0375
617,Hadleigh,Piola,3096 Emmet Point,Memphis,TN,38119,901-490-0010
618,Coraline,Jarred,947 Veith Hill,Oklahoma City,OK,73109,405-529-9136
619,Valma,Gregor,76667 Cherokee Circle,Durham,NC,27705,434-526-6773
620,Tymothy,Isaacs,04395 Hovde Street,Las Vegas,NV,89166,702-112-5788
621,Maudie,Forsaith,560 Esker Street,Tacoma,WA,98481,253-402-5902
622,Felisha,Kubicek,438 Stang Parkway,Sandy,UT,84093,801-252-0209
623,Liam,Toffaloni,9 Mendota Drive,Concord,CA,94522,925-166-1980
624,Slade,Deeprose,3 Quincy Trail,Montgomery,AL,36195,334-664-6778
625,Kendra,Trynor,79 Rigney Drive,New York City,NY,10009,646-859-8219
626,Elset,Broggelli,184 Valley Edge Lane,Gainesville,FL,32605,352-128-7086
627,Cristin,Pillifant,845 Ohio Crossing,Wilmington,DE,19886,302-705-0974
628,Arri,Keiling,987 Norway Maple Terrace,Jamaica,NY,11431,212-107-1500
629,Manfred,Smale,75676 Thierer Avenue,Fullerton,CA,92835,714-915-6949
630,Libbie,Scaddon,80 Duke Pass,Boston,MA,02208,617-690-2976
631,Gene,Srutton,09574 Cascade Terrace,Kansas City,MO,64190,816-345-6455
632,Alisha,Chafer,55 Trailsway Way,Columbus,MS,39705,662-867-4170
633,Lexi,Coviello,8 Vahlen Lane,Peoria,IL,61651,309-380-0460
634,Lindi,Beaston,15 Waxwing Point,Springfield,IL,62711,217-255-7759
635,Kissiah,Guarnier,846 Pearson Hill,New York City,NY,10120,212-330-3673
636,Thane,Breward,830 Anhalt Parkway,Miami,FL,33158,305-151-7897
637,Gustave,Lannon,14 Del Mar Drive,Austin,TX,78721,512-423-6482
638,Colin,Klammt,220 Forest Dale Point,Newport Beach,CA,92662,714-150-0716
639,Corbin,Beacroft,47620 Bay Road,Valdosta,GA,31605,229-586-6958
640,Clerissa,Mullaly,9731 Burning Wood Plaza,Boise,ID,83722,208-493-2917
641,Padgett,Ghion,7818 Londonderry Place,Glendale,CA,91205,323-940-0283
642,Chelsie,Gaywood,37284 Dunning Hill,Sacramento,CA,95865,916-418-3032
643,Drusy,Bole,63 Hudson Parkway,Saint Petersburg,FL,33737,727-305-4202
644,Carlita,Tarbett,3646 Burrows Alley,Cincinnati,OH,45249,513-738-7303
645,Nico,Legendre,6713 Meadow Ridge Drive,Dallas,TX,75246,972-343-2583
646,Leroi,Perez,561 Glacier Hill Parkway,Appleton,WI,54915,920-484-8553
647,Robinet,Garcia,08 Doe Crossing Trail,Orlando,FL,32813,321-253-8888
648,Oran,Van Der Straaten,06490 Aberg Drive,Houston,TX,77228,713-348-0659
649,Hershel,Seabright,5 Stone Corner Pass,Washington,DC,20409,202-750-3264
650,Van,Hayball,5345 Truax Avenue,York,PA,17405,717-228-2033
651,Randy,Paike,8 Lawn Center,Des Moines,IA,50305,515-272-6615
652,Grantham,Creaven,10410 Clyde Gallagher Alley,Pensacola,FL,32520,850-940-5032
653,Shandy,Grouen,989 La Follette Hill,Buffalo,NY,14225,716-935-2366
654,Tiffanie,Pohlke,663 Fulton Road,Flushing,NY,11355,718-741-0465
655,Ward,Mabbutt,7061 Darwin Hill,Juneau,AK,99812,907-130-8249
656,Oralie,Mabbitt,39464 7th Park,Birmingham,AL,35210,334-342-1077
657,Osbourn,Peskin,19 Tennessee Junction,Washington,DC,20546,202-348-4667
658,Dyna,Dundredge,28 Eagan Lane,White Plains,NY,10633,845-487-1790
659,Jacquenetta,Nertney,232 Farwell Place,Washington,DC,20508,202-980-0071
660,Buiron,De Lacey,87 Vidon Pass,Oklahoma City,OK,73147,405-204-0209
661,Sydney,Husk,56804 Bluejay Pass,Washington,DC,56944,202-233-8849
662,Bail,O'Shields,71097 Michigan Parkway,Peoria,IL,61635,309-870-8196
663,Ramon,Limpenny,78270 Talmadge Crossing,Pensacola,FL,32526,850-960-8147
664,Glenine,Bowskill,7357 Charing Cross Drive,Mobile,AL,36622,251-377-1043
665,Ambrose,Elloway,87 Warbler Pass,Yonkers,NY,10705,914-979-9466
666,Howie,Sybbe,8751 West Place,Las Vegas,NV,89178,702-150-8785
667,Georgeta,Saul,60 Waywood Circle,Louisville,KY,40266,502-164-6092
668,Kessiah,Beedon,116 Mallory Circle,Chicago,IL,60630,847-361-4728
669,Mort,Sunter,83 Hallows Way,Houston,TX,77223,713-431-2414
670,Claiborn,Gurnell,1 Mitchell Point,Minneapolis,MN,55436,612-247-4297
671,Claudianus,Lazar,63 Spaight Park,Kissimmee,FL,34745,407-205-3166
672,Lin,Hacard,8580 Jackson Place,Washington,DC,20337,202-798-7229
673,Tamas,Thurske,467 Westerfield Way,Portland,OR,97201,503-478-0169
674,Jami,Pagitt,844 Linden Circle,Bradenton,FL,34210,727-517-6457
675,Sheilah,Habershon,9648 Lindbergh Center,Greenville,SC,29610,864-162-6846
676,Aurelea,Burgh,5994 Londonderry Plaza,Saint Louis,MO,63126,314-785-2569
677,Verena,Gulleford,02 5th Pass,Alexandria,VA,22313,571-126-1728
678,Fabiano,Lydon,9027 Trailsway Avenue,Jackson,MS,39236,601-545-0233
679,Dorisa,Bernhardsson,859 Little Fleur Crossing,Dallas,TX,75260,214-245-8434
680,Gaby,Micheu,4458 Messerschmidt Junction,Longview,TX,75605,903-882-3049
681,Bailey,Whild,7 Starling Drive,San Jose,CA,95194,408-242-5452
682,Madge,Dell 'Orto,23320 Redwing Way,El Paso,TX,79940,915-741-1085
683,Agnella,Elvin,1 Chinook Center,Tucson,AZ,85737,520-377-5446
684,Diahann,Pattrick,7537 Crowley Trail,Monroe,LA,71213,318-600-2748
685,Joscelin,Vasyukhnov,9 Farmco Crossing,San Antonio,TX,78220,210-430-4880
686,Constantine,Pedro,060 Shopko Center,Atlanta,GA,30323,678-923-8452
687,Shem,Lorand,08273 Pine View Lane,Cleveland,OH,44197,216-256-0710
688,Kenon,Sisnett,4266 School Trail,West Hartford,CT,06127,860-357-7400
689,Jessa,Doorey,894 Hermina Lane,Vero Beach,FL,32964,772-841-6797
690,Philippine,Cestard,14437 Portage Avenue,Springfield,MA,01129,413-484-8185
691,Ivory,Rickword,9 Cherokee Crossing,Trenton,NJ,08619,609-201-4752
692,Rani,Cleary,092 Corscot Circle,Houston,TX,77293,281-543-6069
693,Coreen,Mancer,6015 Talmadge Pass,Saint Louis,MO,63104,314-639-2989
694,Jacquelynn,Filipson,5 Anniversary Park,Vancouver,WA,98687,360-208-0177
695,Paul,Crummy,351 Duke Center,Memphis,TN,38126,901-925-5850
696,Harry,Woodhead,203 Oneill Lane,Boynton Beach,FL,33436,561-106-7662
697,Reinhard,Weston,91 Arkansas Alley,Lima,OH,45807,419-616-8346
698,Lina,Tedstone,29363 Ronald Regan Way,Melbourne,FL,32941,321-302-0277
699,Goldy,Braksper,118 Mendota Road,Greenville,SC,29610,864-269-6830
700,Eleonore,Licence,849 Raven Pass,Waco,TX,76705,254-299-3769
701,Elonore,Baroc,4976 Eagan Avenue,Fort Smith,AR,72916,479-610-0009
702,Jessalyn,Ashford,63 Dryden Avenue,Austin,TX,78783,512-995-1771
703,Garnet,Hanaford,952 Holmberg Avenue,Boston,MA,02109,617-846-7113
704,Cari,Holdforth,927 Crescent Oaks Hill,Saint Louis,MO,63167,314-223-6396
705,Estella,Enga,8 Bowman Avenue,Hollywood,FL,33028,954-210-3977
706,Holli,Chipchase,4 Pearson Avenue,Shawnee Mission,KS,66215,913-290-7187
707,Gian,Currer,52 Cascade Point,Harrisburg,PA,17140,717-234-3039
708,Denny,Dubock,72 Fallview Circle,Des Moines,IA,50330,515-367-6074
709,Kipp,Cumming,407 Fieldstone Alley,Frankfort,KY,40618,502-389-5881
710,Janaya,Floris,327 Ohio Place,New Orleans,LA,70116,504-952-3103
711,Kimmy,Margiotta,2 Schurz Parkway,Pueblo,CO,81005,719-176-8138
712,Emmalynne,Tuite,9386 Forest Run Park,Mobile,AL,36670,251-728-8934
713,Abbe,Gilham,08 Holmberg Junction,Washington,DC,20530,202-785-0887
714,Esdras,Gerriet,6022 Stoughton Plaza,Mesquite,TX,75185,972-758-2896
715,Emera,Ready,98 American Ash Drive,Sacramento,CA,94297,916-668-0768
716,Deena,Connelly,22 Sutherland Center,Bellevue,WA,98008,206-659-4718
717,Jazmin,Cardall,84 Independence Trail,Washington,DC,20215,202-355-3344
718,Urbano,Hutchison,8353 Mesta Drive,Battle Creek,MI,49018,269-438-3286
719,Aeriell,Sergent,6627 Corscot Place,Glendale,AZ,85311,602-803-1745
720,Jenni,Kemshell,1417 Village Hill,Lincoln,NE,68505,402-941-6492
721,Bren,Sills,5 Carberry Avenue,Detroit,MI,48242,248-901-7916
722,Adda,Skeat,20625 American Ash Crossing,Kansas City,MO,64149,816-410-5266
723,Bambi,McCamish,028 Spenser Hill,San Bernardino,CA,92405,909-401-7458
724,Merridie,Lidstone,34 Sloan Point,Battle Creek,MI,49018,269-766-0884
725,Rickie,Everall,4 Service Parkway,Columbia,SC,29215,803-887-5800
726,Leticia,Muddimer,58956 Morrow Circle,Los Angeles,CA,90055,213-783-6049
727,Annabell,Matthaus,22129 Shopko Center,Los Angeles,CA,90035,323-996-1412
728,Teresita,Mariault,44 Bluejay Plaza,Bakersfield,CA,93311,805-836-2908
729,Moses,Fagence,9 Shasta Park,Spring,TX,77388,409-929-9032
730,Michaella,Balf,085 Corscot Crossing,Worcester,MA,01654,508-193-9313
731,Neda,Coward,78104 Del Sol Terrace,Columbus,GA,31914,706-572-4344
732,Cart,Murrock,480 Myrtle Plaza,Tampa,FL,33661,813-503-1545
733,Sancho,Jearum,4033 Cascade Point,Duluth,GA,30195,678-846-5984
734,Cami,Allanby,3031 Thompson Hill,Gainesville,GA,30506,770-517-1478
735,Isabeau,Shapiro,300 Springview Way,Burbank,CA,91505,626-227-6383
736,Launce,Marrett,0 Stang Avenue,San Antonio,TX,78230,830-786-5943
737,Staford,Parncutt,544 Redwing Avenue,El Paso,TX,88541,915-465-8815
738,Melanie,Ayling,3 Butternut Place,Reno,NV,89519,775-568-4196
739,Nichole,Larret,08673 Oneill Road,Anchorage,AK,99599,907-359-9982
740,Humphrey,Fontanet,598 Glendale Road,Pittsburgh,PA,15215,412-453-0259
741,Kale,Cuddon,573 Sunbrook Hill,Portland,OR,97201,503-348-6023
742,Katti,Wildor,319 Oriole Parkway,Houston,TX,77060,832-134-7831
743,Karrah,McGhee,03643 Carberry Court,Des Moines,IA,50936,515-300-0030
744,Tildy,Blethin,3673 Stephen Park,Fresno,CA,93740,559-358-7783
745,Nanny,Sones,806 Springs Avenue,Tacoma,WA,98417,253-629-9211
746,Anjanette,Dinse,51 Nobel Drive,Kansas City,MO,64144,816-135-5514
747,Tommie,Scamaden,9 Dwight Road,Buffalo,NY,14215,716-379-1370
748,Rocky,Morhall,0949 Warrior Way,Memphis,TN,38109,901-786-4485
749,Silvana,Perelli,0595 Logan Drive,Houston,TX,77035,713-308-3797
750,Orion,McGifford,24042 Starling Park,Dayton,OH,45403,937-188-8141
751,Demetris,Maberley,32645 Bayside Place,Fullerton,CA,92640,559-964-0163
752,Ewell,Tavener,39 Green Ridge Center,Washington,DC,20310,202-872-7778
753,Matelda,Simony,56478 Westend Alley,Stamford,CT,06922,203-329-4201
754,Steffie,Lippett,64 Larry Hill,El Paso,TX,79968,915-441-3464
755,Gill,Twede,878 American Pass,Tulsa,OK,74103,918-152-3762
756,Fabiano,Thunnercliffe,2 Marquette Junction,Fort Pierce,FL,34949,772-724-3252
757,Josselyn,Burless,03 Buell Alley,Pittsburgh,PA,15266,-548-9713
758,Rianon,Aldersea,205 Jenna Road,Englewood,CO,80150,303-800-0285
759,Lock,Shadfourth,9219 Evergreen Circle,Miami,FL,33185,305-256-7701
760,Adan,Poon,6175 Bashford Avenue,Muncie,IN,47306,765-897-9557
761,Uta,Philips,61196 John Wall Junction,Charlotte,NC,28263,704-886-4727
762,Barbie,Scholz,5639 Ohio Drive,Anderson,IN,46015,765-584-7758
763,Jackie,Gallaway,04 Nelson Terrace,Columbia,SC,29240,803-389-5969
764,Lyle,Camoys,5 Waxwing Trail,Port Saint Lucie,FL,34985,772-419-2476
765,Yetty,Boltwood,374 Gina Junction,Fort Wayne,IN,46825,260-746-1569
766,Myron,Windus,1028 Washington Hill,Birmingham,AL,35242,205-700-2640
767,Milly,Daine,5 Upham Junction,Philadelphia,PA,19151,215-427-9791
768,Evin,Velden,0136 Warbler Point,Louisville,KY,40250,502-934-0921
769,Fee,Shale,9541 Dunning Center,Raleigh,NC,27626,919-850-5093
770,Hobard,Benaine,9 Granby Road,Trenton,NJ,08603,609-484-0952
771,Loralee,Ingledew,8 Linden Terrace,Jackson,MS,39236,601-383-2260
772,Marcile,Hembry,1 Banding Crossing,Miami,FL,33147,786-501-5217
773,Moyra,Escritt,92 Karstens Crossing,Utica,NY,13505,315-660-7140
774,Derry,Fuzzard,1 Meadow Valley Trail,Oklahoma City,OK,73109,405-439-2891
775,Rivalee,Mattiazzi,90126 Carioca Avenue,San Jose,CA,95155,408-602-2521
776,Dee,Sebire,3 Comanche Terrace,Lubbock,TX,79405,806-334-6755
777,Liesa,Aumerle,52721 Briar Crest Parkway,Amarillo,TX,79171,806-140-1170
778,Sherlocke,Gorry,6788 Mccormick Lane,New York City,NY,10155,917-340-0992
779,Maryl,Klagges,26 Saint Paul Hill,Omaha,NE,68179,402-337-1461
780,Beverlee,McCrum,516 Jenna Place,Houston,TX,77276,713-767-9858
781,Florrie,Wolfinger,44 Novick Crossing,Des Moines,IA,50347,515-663-0636
782,Ettie,Naris,1349 Blaine Road,Las Vegas,NV,89193,702-687-4803
783,Beniamino,Reame,83867 Loomis Parkway,San Antonio,TX,78210,210-816-0105
784,Giraud,Glasman,8 Cherokee Circle,Houston,TX,77288,713-829-3409
785,Cassaundra,Lovemore,2 7th Center,Orlando,FL,32819,941-120-0184
786,Kimberlee,Galton,7 Kenwood Park,Cincinnati,OH,45999,513-523-6342
787,Cristy,Stannus,228 Randy Pass,Fort Worth,TX,76147,817-898-5285
788,Darb,Denisyev,606 Farwell Street,Lawrenceville,GA,30245,770-263-2117
789,Antonella,Bukowski,86888 Vera Alley,Whittier,CA,90605,562-238-4643
790,Dotty,Kleynen,00 Thackeray Crossing,Portsmouth,NH,00214,603-141-4950
791,Benoite,Fraschetti,3 Westport Plaza,Cleveland,OH,44197,216-924-3546
792,Dag,Le Leu,921 Paget Center,Winston Salem,NC,27157,336-324-0794
793,Penni,Varian,66170 Steensland Trail,Fort Wayne,IN,46867,260-715-2553
794,Van,Arrandale,60 Ridgeway Plaza,Montgomery,AL,36114,334-577-2901
795,Angelique,Aluard,64311 Hazelcrest Junction,Chattanooga,TN,37450,423-485-0127
796,Lindon,Ramsdale,6557 Stang Crossing,Galveston,TX,77554,409-737-9513
797,Bea,Irnys,86 Arizona Parkway,Albany,NY,12227,518-848-6679
798,Stephani,Pacheco,04 Larry Center,Washington,DC,20566,202-225-7746
799,Hollyanne,Jindra,5 Golf Road,Virginia Beach,VA,23459,757-392-5545
800,Elinor,Squibbs,42 Warrior Parkway,Washington,DC,20370,202-366-6904
801,Norah,Olpin,9 Cottonwood Place,Charlotte,NC,28242,704-898-0793
802,Ermina,Verheyden,556 Mosinee Parkway,Rockford,IL,61110,815-335-7075
803,Judas,Brunetti,20 Fremont Crossing,Milwaukee,WI,53263,414-337-9165
804,Franni,Aspinell,1 South Road,Tampa,FL,33673,813-829-6247
805,Tades,Enterle,432 Maple Wood Alley,Columbus,OH,43231,614-853-8374
806,Lazare,Biaggi,6603 Harper Terrace,Shreveport,LA,71161,318-250-1109
807,Judy,Vannuccinii,734 Manitowish Alley,San Bernardino,CA,92415,760-703-5315
808,Guenna,Grimbleby,97123 3rd Alley,Milwaukee,WI,53205,414-929-3163
809,Darell,Owain,81052 Comanche Terrace,Roanoke,VA,24040,540-104-7125
810,Rasla,Fendley,76013 Farmco Crossing,Sacramento,CA,94286,916-332-2170
811,Gisela,Fellow,96 Jenifer Street,Young America,MN,55551,952-156-5740
812,Mort,Wallace,3 Ohio Terrace,Amarillo,TX,79159,806-398-6308
813,Jule,Porter,298 Westend Point,Battle Creek,MI,49018,269-433-6279
814,Bambi,Osburn,79 Rigney Terrace,San Jose,CA,95108,408-442-4737
815,Adler,Filipputti,19079 Dwight Plaza,Alexandria,VA,22309,703-316-9726
816,Caitlin,Bruntjen,91929 Lake View Avenue,Ocala,FL,34479,352-480-4459
817,Legra,Pine,6 Hoffman Parkway,Baltimore,MD,21211,443-228-8619
818,Gene,Cornau,71978 Hoepker Park,Fresno,CA,93794,559-513-2190
819,Haskell,Brett,7248 Farwell Avenue,Jamaica,NY,11480,718-971-5501
820,Conroy,Tarbard,5 Westend Lane,Portland,ME,04109,207-310-7314
821,Doralin,Crew,15 Hazelcrest Street,Baton Rouge,LA,70820,225-364-5474
822,Hyacinthia,McQuillin,93 Michigan Trail,Washington,DC,56944,202-604-3097
823,Krisha,Benoist,59 Loeprich Terrace,Charlotte,NC,28220,704-616-3781
824,Alanson,McGauhy,300 Tomscot Park,Athens,GA,30605,706-116-5576
825,Averyl,Casillas,45280 Lien Point,Detroit,MI,48258,313-899-5238
826,Biddy,Parnham,764 Carey Crossing,Pasadena,CA,91109,626-825-3182
827,Roberta,Misken,75141 Hooker Point,Houston,TX,77035,281-300-0325
828,Charmane,Bourgour,545 Loftsgordon Circle,Aurora,CO,80044,303-961-5372
829,Bourke,Wisby,9297 Mcbride Trail,Fairbanks,AK,99790,907-494-0206
830,Kristian,Hanster,71007 Mallory Way,Milwaukee,WI,53263,414-614-9569
831,Lazaro,Urling,744 Northridge Court,Jefferson City,MO,65105,573-357-7374
832,Ester,Pavluk,88833 Almo Park,Columbus,GA,31914,706-224-8751
833,Emalia,MacCaughey,7139 Canary Road,Wilmington,DE,19897,302-597-9248
834,Odelia,Muriel,76 Hollow Ridge Plaza,Kissimmee,FL,34745,407-481-3671
835,Lowe,Payle,8 Anthes Crossing,Portland,OR,97216,503-860-6087
836,Barclay,MacKeague,3 Dapin Circle,Tulsa,OK,74103,918-916-9382
837,Joane,Winterborne,88 Menomonie Alley,Brooklyn,NY,11241,347-752-4176
838,Brocky,Wiltsher,90083 Gulseth Junction,Wilkes Barre,PA,18706,570-794-4283
839,Sheba,Fearon,46126 Ohio Hill,Jamaica,NY,11470,718-938-5847
840,Nerty,Reffe,2 Union Circle,San Diego,CA,92160,619-319-3103
841,Odella,Kiehl,2233 Northridge Park,Grand Rapids,MI,49518,616-595-0621
842,Eugenius,Thiem,39 Di Loreto Trail,Fort Pierce,FL,34949,772-892-7526
843,Domenic,Tampen,35 Northland Crossing,Savannah,GA,31405,912-313-5611
844,Titos,O'Shields,6645 Sundown Crossing,San Francisco,CA,94110,415-740-7365
845,Levey,Pahler,418 Fairview Alley,Modesto,CA,95397,209-638-4663
846,Harmon,Duckering,99385 Pearson Circle,Fort Wayne,IN,46825,260-306-9035
847,Langsdon,Wesley,37572 Manley Alley,Philadelphia,PA,19178,215-280-9301
848,Jaimie,Atlee,40 Melody Court,New Orleans,LA,70149,504-835-3365
849,Gilbertine,Fuente,56 Arizona Place,New Orleans,LA,70183,504-560-0656
850,Lazarus,Likly,1682 Old Gate Street,Pensacola,FL,32526,850-351-7204
851,Wainwright,Brittle,51918 Elmside Drive,New Orleans,LA,70174,504-444-6257
852,Fredrick,Ebi,17952 Menomonie Parkway,Roanoke,VA,24024,540-388-5013
853,Anjela,Linney,17 Ludington Terrace,Boise,ID,83716,208-442-7239
854,Mireille,Littley,9627 Starling Way,Iowa City,IA,52245,319-183-0166
855,Ingunna,Wolland,38991 Warbler Park,Wichita Falls,TX,76310,940-369-4589
856,Alfonso,Astlet,0 Mitchell Street,Saginaw,MI,48604,989-391-0174
857,Angelia,Brearton,2 Upham Plaza,Staten Island,NY,10305,718-278-5004
858,Bren,Dibden,0 Dawn Point,Athens,GA,30605,706-322-0500
859,Hanna,Chad,594 Sachs Plaza,Birmingham,AL,35236,205-812-7114
860,Aylmar,Edling,8 Kings Crossing,Warren,OH,44485,330-266-8679
861,Karyn,Dicty,0978 Iowa Alley,Washington,DC,20430,202-849-6577
862,Jerald,Keemar,4 Mosinee Drive,Jackson,TN,38308,731-582-3118
863,Dwain,Plaxton,5143 Hoepker Terrace,San Bernardino,CA,92410,951-636-9801
864,Elizabeth,Franchioni,1466 Dayton Center,Dulles,VA,20189,571-290-8334
865,Davine,Coltan,67727 Stang Plaza,Shawnee Mission,KS,66286,913-329-0066
866,Jacquelin,Doumic,36156 Lukken Parkway,Boulder,CO,80305,720-632-1044
867,Stephanus,Rogerot,6870 Lien Way,Corpus Christi,TX,78410,361-423-2598
868,Lemar,Phuprate,415 Parkside Street,Rochester,NY,14609,585-357-0583
869,Aubrey,Bloan,93488 Calypso Hill,Lexington,KY,40515,859-343-5286
870,Kelcie,Danieli,190 Memorial Lane,Charleston,WV,25313,304-390-4412
871,Ansel,Josofovitz,66 Corben Terrace,Metairie,LA,70005,504-842-7375
872,Nancie,Pick,378 Reindahl Point,Dayton,OH,45454,937-976-5848
873,Dory,O'Curran,7 Blaine Place,Lansing,MI,48930,517-529-9627
874,Sherline,Massimo,11785 Gale Alley,Springfield,IL,62776,217-915-3058
875,Joannes,Rozec,46638 Novick Court,Atlanta,GA,30386,404-386-1673
876,Linoel,Coddington,6868 Golden Leaf Circle,Scranton,PA,18505,570-584-2412
877,Kittie,Shakspeare,84 Upham Drive,Greensboro,NC,27425,336-213-5572
878,Andy,Charrett,181 Grasskamp Parkway,New Haven,CT,06505,203-704-4169
879,Appolonia,Waudby,9 John Wall Trail,Hampton,VA,23668,757-332-0927
880,Dorothee,Chatenet,29850 Iowa Trail,Hampton,VA,23668,757-268-4488
881,Jordan,Sheriff,48291 Fremont Drive,Philadelphia,PA,19136,267-230-2003
882,Angelo,Bensen,3055 Golf View Avenue,Albuquerque,NM,87105,505-133-6223
883,Zola,Olensby,0651 Fisk Way,New Orleans,LA,70179,504-942-0154
884,Orelia,Phebee,8 Carey Court,Greensboro,NC,27415,336-721-5733
885,Huntley,Hastie,56 Talmadge Circle,Yakima,WA,98907,509-827-8865
886,Sarajane,Ivanyushin,0906 Hoepker Pass,Punta Gorda,FL,33982,941-245-3136
887,Ida,Janacek,816 Main Way,Vienna,VA,22184,571-611-7260
888,Munroe,Raeside,2974 Washington Road,Pensacola,FL,32511,850-156-8703
889,Leilah,McGeouch,190 Autumn Leaf Junction,Colorado Springs,CO,80905,719-635-2317
890,Penny,Barney,7916 Ramsey Point,Harrisburg,PA,17105,717-793-2778
891,Hale,Krzyzowski,2186 Derek Court,Gainesville,FL,32627,352-294-4240
892,Onofredo,Browett,6 Ohio Point,Oklahoma City,OK,73119,405-975-2340
893,Gordie,Antonellini,34 Golf Course Court,Amarillo,TX,79116,806-684-8272
894,Dennis,Hallwood,86825 Hooker Street,Winston Salem,NC,27110,336-972-7593
895,Carina,Lathan,498 Memorial Plaza,San Antonio,TX,78296,210-692-8324
896,Sayres,Brazenor,1034 Sloan Circle,Sacramento,CA,95894,916-932-5386
897,Mord,Childs,141 Continental Park,Greensboro,NC,27499,336-196-1791
898,Caddric,Klug,0 Kenwood Drive,Odessa,TX,79769,432-170-8925
899,Matelda,McLeary,326 Blue Bill Park Avenue,Cleveland,OH,44197,216-153-3195
900,Sara,Glauber,06 Westerfield Drive,Spring,TX,77386,713-976-6121
901,Erie,Hatto,61 Valley Edge Center,Spring,TX,77388,409-941-3570
902,Buckie,O'Scollain,71391 Del Sol Circle,Pensacola,FL,32505,850-191-0356
903,Tully,Curee,18554 Atwood Avenue,Tacoma,WA,98424,206-449-1240
904,Tiff,Heathfield,82282 Farwell Plaza,Chicago,IL,60636,312-102-3268
905,Hollie,Grancher,82 Muir Parkway,Akron,OH,44329,330-634-0508
906,John,Spilsburie,2726 Dovetail Alley,Englewood,CO,80150,303-727-9056
907,Yvonne,Jepperson,24178 Heffernan Street,Pittsburgh,PA,15220,412-475-6719
908,Ursulina,Scawn,7 Melody Terrace,Memphis,TN,38114,901-296-7490
909,Brigham,Rennox,33020 Everett Place,Cleveland,OH,44185,216-934-8725
910,Peterus,Eastment,92 Meadow Vale Court,Los Angeles,CA,90081,213-978-9451
911,Cedric,Russan,3443 Pankratz Point,Los Angeles,CA,90035,323-710-2517
912,Bridie,Mary,82 Continental Point,Philadelphia,PA,19146,215-959-5079
913,Edna,Binks,29 Melody Crossing,Fort Smith,AR,72905,479-462-2477
914,Merrilee,O'Fallowne,640 Bartillon Circle,San Antonio,TX,78205,210-278-2579
915,Lauralee,Pearcy,1806 Bobwhite Lane,Pasadena,CA,91117,626-397-7961
916,Benson,Bastable,179 Havey Circle,Sacramento,CA,94250,916-776-8735
917,Omar,Southern,4 Heath Circle,Washington,DC,20525,202-196-6549
918,Benni,Eastcourt,3037 Meadow Ridge Court,Newark,NJ,07112,201-830-8406
919,Lisa,Ketteridge,7 Kenwood Point,Boca Raton,FL,33499,561-368-2072
920,Binny,Fortman,194 Sachtjen Drive,Albany,NY,12232,518-632-1373
921,Rasla,Fuzzey,48 Sutteridge Junction,Pueblo,CO,81010,719-868-0109
922,Tedra,Paynton,18261 Comanche Court,El Paso,TX,79940,915-509-0738
923,Kellie,Dewerson,3935 Esker Street,Albany,NY,12222,518-782-8109
924,Ed,Blay,560 Ridgeway Street,Peoria,IL,61651,309-579-5990
925,Davidde,Bogart,9887 Bonner Parkway,Omaha,NE,68164,402-675-7291
926,Simon,Knocker,34 Pearson Circle,Pensacola,FL,32520,850-503-2577
927,Davie,McVeagh,863 Northfield Drive,Chesapeake,VA,23324,757-321-4343
928,Helaina,Halstead,6925 Ridgeway Place,White Plains,NY,10606,845-966-0435
929,Jeromy,Balogun,5 Golf View Drive,Chicago,IL,60614,773-517-1598
930,Tatiana,Peile,52524 Sachtjen Drive,Los Angeles,CA,90005,310-342-1670
931,Gothart,Anyene,84521 Merry Way,Chicago,IL,60604,708-485-4148
932,Georgia,Wellbelove,39453 Homewood Street,Houston,TX,77070,832-936-3122
933,Boycie,Gotts,0 Northwestern Point,Lakeland,FL,33805,863-421-7903
934,Lowell,Jauncey,838 Sutherland Circle,Toledo,OH,43656,419-119-0471
935,Biddy,Speaks,1 Welch Way,Chicago,IL,60663,312-356-2499
936,Lurleen,Iorizzi,7 Prairie Rose Junction,Tulsa,OK,74184,918-326-3310
937,Zena,Rives,4028 Pearson Point,Memphis,TN,38143,901-136-5016
938,Deeann,Croyser,91 Eagan Road,Chicago,IL,60614,773-987-0655
939,Mahmud,Whartonby,28605 Golf View Trail,Midland,MI,48670,989-795-4628
940,Dulciana,Frewer,76017 Corry Parkway,Sacramento,CA,95894,916-188-0184
941,Zabrina,Leber,7 Mayfield Center,Vancouver,WA,98664,360-535-6266
942,Xenos,Corkell,774 Mallard Place,Wilkes Barre,PA,18763,570-582-9979
943,Crysta,Wadwell,82 Mayfield Street,Knoxville,TN,37914,865-416-2067
944,Roderich,Clapp,3418 Bluestem Crossing,Portsmouth,VA,23705,757-171-0135
945,Ansley,Kosiada,77719 Burrows Road,Fresno,CA,93709,559-146-9920
946,Rosabella,Raiston,86 Tennyson Avenue,Hartford,CT,06183,860-967-2695
947,Tabbitha,Pirnie,721 Milwaukee Way,Shawnee Mission,KS,66276,913-190-4110
948,Ossie,Dolton,6772 Morning Road,Amarillo,TX,79159,806-945-5781
949,Cassandre,Stidston,08 Rieder Way,Columbia,SC,29215,803-843-3451
950,Hanny,Dibben,3654 Del Mar Point,Roanoke,VA,24040,540-467-3962
951,Kirbie,Westhoff,17 Kropf Road,Lawrenceville,GA,30245,770-135-1275
952,Wilburt,Selwyn,29607 Lotheville Park,Philadelphia,PA,19172,215-789-2219
953,Sandro,Asaaf,6 Clyde Gallagher Hill,Kansas City,MO,64125,816-943-3644
954,Elena,Foxwell,7 Mosinee Avenue,Louisville,KY,40293,502-888-9713
955,Flossi,Filisov,3256 Golf View Street,Detroit,MI,48275,313-422-3108
956,Donetta,Surphliss,810 Warbler Place,Charlotte,NC,28220,704-794-9986
957,Dora,Phonix,22347 Homewood Alley,Harrisburg,PA,17110,717-173-9700
958,Keefer,Billingsly,9079 Crescent Oaks Crossing,San Francisco,CA,94137,415-461-7293
959,Gunter,Canon,91 Scofield Road,Trenton,NJ,08695,609-188-8966
960,Gretel,Zimmermanns,3768 Continental Lane,Saginaw,MI,48609,989-213-3796
961,Erich,Ianinotti,8936 Summer Ridge Circle,Chicago,IL,60697,312-424-0093
962,Eda,Cubbino,88 Prairieview Hill,Silver Spring,MD,20904,202-969-6420
963,Charline,Kilbey,247 Beilfuss Center,Hartford,CT,06120,860-894-3371
964,Myrlene,Tink,6131 Washington Drive,San Francisco,CA,94142,415-289-0806
965,Birk,Marven,016 Fairview Place,Memphis,TN,38131,901-230-7505
966,Willow,McCaskell,3 Florence Place,Columbus,OH,43231,614-590-9200
967,Melloney,Slora,82 Dorton Drive,Flint,MI,48505,810-901-8150
968,Kelwin,Meiningen,7 Delaware Court,Philadelphia,PA,19191,215-426-1905
969,Arlinda,Broggelli,8836 Express Lane,Washington,DC,20319,202-738-2372
970,Evie,Ricciardelli,78650 Boyd Circle,Washington,DC,20420,202-414-5222
971,Randy,Duffell,5785 Mcguire Park,Houston,TX,77218,713-976-6075
972,Fonsie,Eminson,235 Crest Line Alley,East Saint Louis,IL,62205,618-359-5104
973,Josey,Bolzen,821 Westend Court,Hartford,CT,06105,203-229-1894
974,Roddy,Harrower,2819 Ohio Circle,Gulfport,MS,39505,228-165-1306
975,Sly,Dilke,22526 Talisman Avenue,South Lake Tahoe,CA,96154,530-323-8730
976,Baily,McCalum,33008 Russell Alley,Saint Louis,MO,63110,314-639-1798
977,Yettie,Nowakowska,40 Farragut Trail,Washington,DC,20299,202-808-5158
978,Darn,Repp,5884 Fallview Crossing,Falls Church,VA,22047,571-318-6151
979,Adrien,Grassick,50382 Nevada Hill,Fort Worth,TX,76105,817-230-2654
980,Amos,Chrystie,06 Holy Cross Crossing,Santa Barbara,CA,93150,805-174-9506
981,Rebecca,Bryson,697 East Road,South Bend,IN,46699,574-961-7053
982,Robin,Desseine,7288 Heffernan Road,Denver,CO,80241,720-685-7787
983,Harlen,Tremethack,5 Monterey Circle,Austin,TX,78737,512-637-9676
984,Cathleen,Iacovazzi,600 Nevada Alley,Homestead,FL,33034,786-119-1086
985,Aloise,Cruces,6905 Forest Dale Lane,Raleigh,NC,27605,919-715-8197
986,Sena,Goshawke,30342 Donald Road,Kansas City,MO,64144,816-741-3237
987,Duky,Danit,7301 Lindbergh Crossing,Sioux Falls,SD,57188,605-422-4642
988,Wadsworth,Gillham,73 American Ash Parkway,New York City,NY,10115,212-418-9126
989,Anestassia,Russam,3996 Rieder Plaza,Fairfax,VA,22036,571-973-4466
990,Burnaby,Hattam,7976 Holy Cross Drive,Los Angeles,CA,90015,562-457-0230
991,Fax,Degoy,55 Farragut Avenue,Chicago,IL,60686,312-237-6424
992,Enos,Shrieve,1751 Grover Junction,San Jose,CA,95160,408-520-4439
993,Salvidor,Clitsome,42644 Browning Pass,El Paso,TX,88563,915-474-0084
994,Edwin,Elsworth,62 Jackson Center,San Francisco,CA,94105,650-170-6145
995,Randal,Gilleon,384 Golf Course Lane,Sacramento,CA,95852,916-994-4848
996,Brandice,Rivers,8 Russell Center,Lincoln,NE,68505,402-616-0135
997,Minnnie,Selby,0 Erie Road,Ann Arbor,MI,48107,734-883-3310
998,Sarajane,Lochrie,5066 Nelson Road,Charlotte,NC,28235,704-143-0203
999,Alma,Aubin,0 Dawn Avenue,Denton,TX,76205,682-165-1557
1000,Jennette,Leat,52201 Helena Parkway,Syracuse,NY,13251,315-168-3108
